url,label
https://www.google.com/search?q=python,1
https://www.github.com/user/repo,1
https://stackoverflow.com/questions/123456,1
https://www.amazon.com/product/dp/B08N5KWB9H,1
https://docs.python.org/3/library/os.html,1
https://www.youtube.com/watch?v=dQw4w9WgXcQ,1
https://www.linkedin.com/in/username,1
https://twitter.com/username/status/123,1
https://www.wikipedia.org/wiki/Python,1
https://www.reddit.com/r/programming,1
https://www.nytimes.com/2024/01/15/tech/article,1
https://www.bbc.co.uk/news/technology-12345678,1
https://mail.google.com/mail/u/0/#inbox,1
https://www.microsoft.com/en-us/windows,1
https://www.apple.com/iphone,1
https://www.paypal.com/signin,1
https://www.ebay.com/itm/123456789,1
https://www.netflix.com/browse,1
https://www.spotify.com/account,1
https://www.dropbox.com/home,1
http://paypal-secure-login.xyz/account/verify,0
http://192.168.1.1/bank/login.php,0
http://amazon-offers.top/prize/claim?id=WIN99,0
http://google-security-alert.ml/verify?email=user@test.com,0
http://microsoft-support.online/virus-alert?scan=now,0
http://apple-id-suspended.club/unlock?token=abc123,0
http://facebook-login-secure.tk/auth/verify,0
http://bankofamerica-secure.cf/login?redirect=true,0
http://netflix-account-update.work/billing/verify,0
http://bit.ly/win-free-iphone-2024-now,0
http://ebay-payment-secure.ru/confirm?order=123,0
http://login-paypal.com-secure.xyz/auth,0
http://urgent-account-suspended.top/verify-now,0
http://192.0.2.1/phish/login?bank=citi,0
http://amazon.com.account-update.top/signin,0
http://secure-banklogin.click/verify?session=abc,0
http://irs-tax-refund.online/claim?ssn=required,0
http://covid-relief-fund.ml/apply?gov=fake,0
http://your-package-held.work/pay?fee=2.99,0
http://cryptocurrency-invest-500percent.xyz/join,0
